catalog_order,chapter_key,stream_id,episode,route,title_jp,title_zh
1,F_RB_P01,1,01,真实系,立ちこめる暗雲,暗云密布
2,F_RB_P31,31,01,超级系,対決!?マジンガーZ VS ゲッターロボG,对决！？魔神Z对盖塔机器人G
3,F_RB_P02,2,02,真实系,ザ・ストレンジャー,异乡来客
4,F_RB_P32,32,02,超级系,空からの衝撃,来自天空的冲击
5,F_RB_P03,3,03,真实系,シャングリラ・チルドレン,香格里拉的孩子们
6,F_RB_P33,33,03,超级系,特訓！大雪山おろし,特训！大雪山岚
7,F_RB_P04,4,04,真实系,非情のテロリスト,无情的恐怖分子
8,F_RB_P34,34,04,超级系,ポセイダルの襲撃,波塞达尔的袭击
9,F_RB_P48,48,05,真实系,ヒイロとリリーナ,希罗与莉莉娜
10,F_RB_P35,35,05,超级系,謎の刺客！敵はガンダム!?,神秘刺客！敌人是高达！？
11,F_RB_P05,5,06,真实系,使徒、出現,使徒，现身
12,F_RB_P36,36,06,超级系,使徒、襲来,使徒，来袭
13,F_RB_P06,6,07,共通,エヴァンゲリオン、始動,EVA，启动
14,F_RB_P07,7,08,真实系,獣戦機隊出撃,兽战机队出击
15,F_RB_P37,37,08,超级系,熱血!!獣戦機隊合流,热血！！兽战机队汇合
16,F_RB_P08,8,09,共通,南海の死闘,南海死斗
17,F_RB_P09,9,10,共通,裏切り,背叛
18,F_RB_P10,10,11,共通,使徒、再び,使徒，再现
19,F_RB_P11,11,12,共通,大ピンチ!!コン・バトラーV合体不可能!?,大危机！！孔巴特拉V无法合体！？
20,F_RB_P12,12,13,共通,浮上,浮出地面
21,F_RB_P13,13,14,戈拉翁路线／两系,ゴラオン救出,救援戈拉翁
22,F_RB_P40,40,14,格兰·加兰路线／真实系,デビルガンダム出現,恶魔高达现身
23,F_RB_P38,38,14,格兰·加兰路线／超级系,グラン・ガラン救出,救援格兰·加兰
24,F_RB_P14,14,15,戈拉翁路线／两系,標的はロンド＝ベル,目标是隆德·贝尔
25,F_RB_P39,39,15,格兰·加兰路线／两系,ロンド＝ベルへの刺客,袭向隆德·贝尔的刺客
26,F_RB_P15,15,16,戈拉翁路线／真实系,驚異のデビルガンダム,惊异的恶魔高达
27,F_RB_P42,42,16,戈拉翁路线／超级系,デビルガンダム再び,恶魔高达再现
28,F_RB_P41,41,16,格兰·加兰路线／两系,ゴラオンの危機,戈拉翁的危机
29,F_RB_P43,43,17,戈拉翁后选直行,敵包囲網を突破せよ,突破敌军包围网
30,F_RB_P16,16,17,迂回或格兰·加兰路线,狙われた光子力研究所,被盯上的光子力研究所
31,F_RB_P49,49,18,直行专属,ジェットスクランダー危機一髪!!,喷气飞翼千钧一发！！
32,F_RB_P44,44,18／19,迂回18／直行19,ネルフ襲撃,NERV遭袭
33,F_RB_P50,50,19／20,迂回19／直行20,ドクーガの野望,毒牙的野心
34,F_RB_P17,17,20／21,迂回20／直行21,ジャブロー侵入（前）,潜入贾布罗（前）
35,F_RB_P18,18,21／22,迂回21／直行22,ジャブロー侵入（後）,潜入贾布罗（后）
36,F_RB_P19,19,22／23,真实系；话数依路径,目覚めよ超獣機神,觉醒吧，超兽机神
37,F_RB_P45,45,22／23,超级系；话数依路径,合体!!超獣機神ダンクーガ,合体！！超兽机神断空我
38,F_RB_P20,20,23／24,迂回23／直行24,ミーアの決意,米娅的决心
39,F_RB_P21,21,24／25,迂回24／直行25,大将軍ガルーダの悲劇,大将军迦楼罗的悲剧
40,F_RB_P22,22,25／26,真实系；话数依路径,その名は東方不敗,其名为东方不败
41,F_RB_P46,46,25／26,超级系；话数依路径,流派東方不敗！マスター＝アジア登場！,流派东方不败！东方不败登场！
42,F_RB_P23,23,26／27,迂回26／直行27,ＤＣの陰謀,DC的阴谋
43,F_RB_P24,24,27／28,迂回27／直行28,アデレード奪回（前）,夺回阿德莱德（前）
44,F_RB_P25,25,28／29,迂回28／直行29,アデレード奪回（後）,夺回阿德莱德（后）
45,F_RB_P26,26,29／30,迂回29／直行30,オペレーション・レコンキスタ,再征服作战
46,F_RB_P27,27,30／31,迂回30／直行31,コロニーの反逆,殖民地的反叛
47,F_RB_P28,28,31／32,迂回31／直行32,ロンド＝ベル、宇宙へ,隆德·贝尔，向宇宙进发
48,F_RB_P29,29,32／33,迂回32／直行33,和平成立,和平成立
49,F_RB_P30,30,33／34,真实系终章；话数依路径,再会のサンクキングダム,重逢于桑克王国
50,F_RB_P47,47,33／34,超级系终章；话数依路径,ハマーンの影,哈曼的阴影
51,F_RB_PREVIEW,51,终章后,F预告资源候选,予告編,结尾预告资源
52,F_RB_RESIDUAL00,0,不编正常话数,未归属／测试残留,physical stream 0,未归属与测试残留
53,F_RB_BIRTHDAY_RESIDUAL,51,不编正常话数,预告流尾部生日候选,physical stream 51 trailing records,生日残留候选
