db_id,name,sha256,size_bytes,role,selected_table_counts_json
DB-01,CROSS_GAME_TO_T1.sqlite,d3bbf2557cc940ddb62ac9110163d5d000aff4c3d60d44dce5ca3006cc21df48,33812480,C_LINE_HANDOFF_DATABASE,"{""code_maps"": 8469, ""config_fields"": 3776, ""config_tables"": 706, ""dialogue_examples"": 239, ""ips_records"": 11615, ""legacy_rows"": 3208, ""lookup_rows"": 5457, ""reference_lines"": 32485}"
DB-02,external_source_intake.sqlite,bc2bf7cb91c818673a1761f3765b65229287dc54a4dd8de4e081cb00b21f8ae7,684032,TOPIC_OR_STAGE_DATABASE,"{""catalog"": 18, ""files"": 2586, ""notices"": 4}"
DB-03,cross_game_extraction.sqlite,082e3e766541e5821c937add5742c631e3f91738355bec3fe03fe6ad2b11fcd7,29966336,FAILED_FIRST_RUN_NOT_DELIVERABLE,"{""c_line_field_comparison"": 0, ""extraction_tokens"": 0}"
DB-04,cross_game_extraction.sqlite,0d00c3eea2ef15f907d07df330d733a7c34e0f6c9dd41fc81884c028aab698a2,33103872,R2_FINAL_EXTRACTION,"{""c_line_field_comparison"": 151, ""code_maps"": 8469, ""dialogue_examples"": 239, ""extraction_tokens"": 217}"
DB-05,F_FF_TECH_v0.1.sqlite,3c07ae1235be210f63d0a192831b6f38c6c6bc038831c6def7ec46814ad7784f,2527232,TOPIC_OR_STAGE_DATABASE,"{""config_lines"": 1970, ""cross_checks"": 125, ""evidence"": 542, ""findings"": 5, ""guide_events"": 227, ""review_notes"": 9, ""sources"": 10}"
DB-06,F_FF_REFERENCE.sqlite,1aeff8e305585a75fb7929bd345f4a3942c22bdb3d933fdc966c50bc7e3c0dea,1703936,TOPIC_OR_STAGE_DATABASE,"{""evidence"": 542, ""findings"": 5, ""sources"": 10}"
DB-07,pscb_research_before_new_disc.sqlite,e4909bae5ad866bf3a5b76bac61591c9bb9a8ac5ca85e7a9c15728a21a08b93c,28672,PRESERVED_EARLIER_COPY_NOT_FINAL,"{""cheat_entries"": 11, ""cheat_groups"": 7, ""code_tokens"": 21}"
DB-08,PSF_SSF_TEXT_SOURCES.sqlite,eb4e6f6d024abd5c00b5946b26720e16f3b3a7a494276ba46ec5830ac8bf3364,1548288,TOPIC_OR_STAGE_DATABASE,"{""literal_differences"": 321, ""literal_maps"": 12539, ""source_files"": 335}"
DB-09,WINKYSOFT_F_ENGINE_KNOWLEDGE_BASE_v0.1.sqlite,ef3d301df210e10014952cfa9da81978a848f22a32f43b2643806db4a0f9baa8,64516096,SEALED_KNOWLEDGE_BASE_V01,"{""buffers_layout"": 84, ""codepoints"": 4499, ""control_codes"": 458, ""cross_platform_links"": 194, ""event_opcodes"": 453, ""evidence_conflicts"": 6, ""functions_consumers"": 316, ""glyph_font"": 367, ""parse_events"": 5301, ""renderer"": 52, ""resources"": 320, ""source_lines"": 332237, ""structures_fields"": 19988, ""text_formats"": 760, ""workbook_cells"": 154726}"
DB-10,WINKYSOFT_F_ENGINE_KNOWLEDGE_BASE_v0.1.sqlite,53723b6b3adee2fc5bb61457b1280c59068ab031dbe251010027a5b32b5c2787,55263232,PRESERVED_EARLIER_COPY_NOT_FINAL,"{""source_lines"": 332164, ""structures_fields"": 12129, ""workbook_cells"": 82273}"
DB-11,WINKYSOFT_F_ENGINE_KNOWLEDGE_BASE_v0.1.sqlite,09afbe6bd30d918fb9dd70d5b5e47580044db43988c26a98629d4eadad9499fe,64434176,PRESERVED_EARLIER_COPY_NOT_FINAL,"{""source_lines"": 332237, ""structures_fields"": 19988, ""workbook_cells"": 154726}"
DB-12,cross_game_technical_reference_20260912.sqlite,8bf8204dc5c0ad0eedc7c069572d693da551d1da28cd1c6318134ede946b243b,29937664,TOPIC_OR_STAGE_DATABASE,"{""code_maps"": 8469, ""config_fields"": 3776, ""config_tables"": 706, ""dialogue_examples"": 239, ""ips_records"": 11615, ""legacy_rows"": 3208, ""lookup_rows"": 5457, ""reference_lines"": 32485}"
DB-13,f_ff_document_sources.sqlite,a3259c76c8d069c80e223fc0acdc9adbbdf24d21bc96006b75acb459da6be906,16384,TOPIC_OR_STAGE_DATABASE,"{""code_transcriptions"": 5, ""document_claims"": 10, ""documents"": 4}"
DB-14,pscb_research.sqlite,b401410ffc92f748b3c4fdc681f5e845b1e58f2848bdf1f561c0ce019064cf66,65536,TOPIC_OR_STAGE_DATABASE,"{""cheat_entries"": 11, ""disc_comparisons"": 39, ""disc_files"": 84}"
DB-15,rom_samples.sqlite,31673ef568f1ae57968f471040aa1dc883acd12beb9046a0df2250572c7a4bd3,24576,TOPIC_OR_STAGE_DATABASE,"{""rom_samples": 2}"
DB-16,srw4_research.sqlite,a59d3aefc48ceb67c865409856fb02deb52fa6dfc962eabe6eaa5f20e14ae33e,65536,TOPIC_OR_STAGE_DATABASE,"{""codebooks"": 64, ""patch_artifacts"": 3, ""research_notes"": 5, ""rom_locations"": 22, ""source_files"": 28}"
