source_id,name,platform_scope,source_class,size_bytes,sha256,authority,notes
WPR-SRC-001,WP/F-newplus paired base root0,Saturn F,BASE_NATIVE,752524,6dea266b799d9096fadbfe733c06b320ccc6ce7e7cfedd57bb7da6bc70e4a10d,PRIMARY_INPUT,Paired Japanese base root0
WPR-SRC-002,WP target reconstructed root0,Saturn F WP/YZZL,TARGET_NATIVE,752524,b1376bd6cdd298dc44ec2a8e5f50c6ef2835726aaaa413bd3d703027ea3b5758,PRIMARY_INPUT,179 changed runs / 610 changed bytes vs paired base
WPR-SRC-003,WP target SCEDATA decoded corpus,Saturn F WP/YZZL,TARGET_NATIVE,579071,78b2194b34cf3ef6e3d895ae1e90d474c7fcd6a7728ec26cf2aed8cf0d5e3124,PRIMARY_INPUT,80 decoded target SCEDATA entries represented by source container in current audit workspace
WPR-SRC-004,WP target TSR compressed,Saturn F WP/YZZL,TARGET_NATIVE,213340,0cb2bc0f34a13a3d23424c88522857690299dc8605c0428c49c11d9d1f7e7a5b,PRIMARY_INPUT,Compressed TSR
WPR-SRC-005,WP target TSR decoded,Saturn F WP/YZZL,TARGET_NATIVE,370315,71dd0eb60a7e143573cf420226d1cb5a67a7b6b0205c71fe7b2ea3948feda891,PRIMARY_INPUT,Decoded TSR
WPR-SRC-006,Retail Saturn F RevB Track1,Saturn F RevB,RETAIL_REFERENCE,238711536,66fe113b6c0d99dc74c9f32e587466877719ecd67a59a7c1adea1b71f5e5707a,REFERENCE_NATIVE,Retail RevB reference; not WP target
WPR-SRC-007,B_PRE_01_C010_GLOBAL_FAILURE_SEMANTICS_AUDIT_20260927.zip,Saturn F WP/YZZL,WP-B_VALIDATION,10511,96922dc36d1e9568ee171d1486183d500eabddb94718d77b7041e496d1668de3,VALIDATED_DERIVED,Legacy audit package imported into renamed WP-B baseline; package name retained only as provenance
WPR-SRC-008,B_PRE_02_FATIMA_BE_HANDLER_AUDIT_20260927.zip,Saturn F WP/YZZL,WP-B_VALIDATION,10645,9277d5fa163b405ce3d3af4b7f720acf39b6e3bda5bf9ff3ffcb85c6fafbf4d6,VALIDATED_DERIVED,Legacy audit package imported into renamed WP-B baseline; package name retained only as provenance
WPR-SRC-009,B_PRE_03_CA02_FIELD_AUDIT_20260927.zip,Saturn F WP/YZZL,WP-B_VALIDATION,144228,93ec940c4029b17df156a97cc4860be4047b41946c20732ddddceb44a0064364,VALIDATED_DERIVED,Legacy audit package imported into renamed WP-B baseline; package name retained only as provenance
WPR-SRC-010,B_PRE_04_AB13_LIFECYCLE_AUDIT_20260927.zip,Saturn F WP/YZZL,WP-B_VALIDATION,11206,e77e20748f8c4b4d621852d0c613718028360b0da1f40b8e5d8d42d41d67a275,VALIDATED_DERIVED,Legacy audit package imported into renamed WP-B baseline; package name retained only as provenance
WPR-SRC-011,SRWF_F_Definition_Reference_v0.1,PS F,STATIC_SCHEMA,,7530d53836619643441653560e3d0c363680c5522a7b70a5dc3bea5ff4c78459,CROSS_DATA,1439 field definitions / 864 value labels / 3277 record labels; DEFINITION_ONLY != ROM_VERIFIED
WPR-SRC-012,PS F BNE2 definitions input,PS F,STATIC_SCHEMA,81348,70f2b67e98aa6c87a266798e3619686f0ace0a8488dbd0829cef8454a1662711,CROSS_DATA,Author/config definition source
WPR-SRC-013,SrwF.mdb,PS F,STATIC_SCHEMA,151552,15f5496691cf35d4345e151424478c19051f5532b93991c77f925e4290f9d072,CROSS_DATA,Jet4; user tables pilot98/unit132/weapon97
WPR-SRC-014,SRWF_F_External_Evidence_Index_v0.2.sqlite,Multi-source F,EXTERNAL_EVIDENCE,233472,c0cbae1941aab3f9dc416fcea421a646fc9e5a06e8f71b4a6c052fa28cfb14c1,REFERENCE,fragment-level evidence index; public/legacy evidence only
WPR-SRC-015,F_BMESS_audit_summary_v0.3,Saturn F RevA/RevB/WP,CROSS_VERSION_BINARY,5226,77aee600aad839966bc567e35a1500718829ac1e783fb449942211fc6eca6dd1,REFERENCE_NATIVE,Frozen BMESS structural audit; grammar not reopened
