glyph_id_hex,raw_token,unicode,unicode_codepoint,evidence_class,semantic_tier,distinct_wgf_contexts,distinct_jp_contexts,jp_reference_table_value
0x111,EC 11,三,U+4E09,CONTEXT_SUPPORTED,A_STRONG,12,10,三
0x113,EC 13,原,U+539F,CONTEXT_SUPPORTED,A_STRONG,16,13,原
0x114,EC 14,西,U+897F,CONTEXT_SUPPORTED,A_STRONG,12,10,西
0x116,EC 16,大,U+5927,CONTEXT_SUPPORTED,A_STRONG,255,221,大
0x117,EC 17,作,U+4F5C,CONTEXT_SUPPORTED,A_STRONG,23,21,作
0x119,EC 19,小,U+5C0F,CONTEXT_SUPPORTED,A_STRONG,25,21,小
0x11A,EC 1A,介,U+4ECB,CONTEXT_SUPPORTED,A_STRONG,8,7,介
0x121,EC 21,铁,U+94C1,CONTEXT_SUPPORTED,A_STRONG,9,7,鉄
0x122,EC 22,也,U+4E5F,CONTEXT_SUPPORTED,A_STRONG,113,96,也
0x127,EC 27,早,U+65E9,CONTEXT_SUPPORTED,A_STRONG,18,14,早
0x129,EC 29,女,U+5973,CONTEXT_SUPPORTED,A_STRONG,13,12,女
0x12A,EC 2A,临,U+4E34,CONTEXT_SUPPORTED,A_STRONG,2,2,臨
0x12B,EC 2B,营,U+8425,CONTEXT_SUPPORTED,A_STRONG,7,5,営
0x12E,EC 2E,欢,U+6B22,CONTEXT_SUPPORTED,A_STRONG,11,9,歓
0x12F,EC 2F,太,U+592A,CONTEXT_SUPPORTED,A_STRONG,35,34,太
0x133,EC 33,明,U+660E,CONTEXT_SUPPORTED,A_STRONG,13,12,明
0x134,EC 34,日,U+65E5,CONTEXT_SUPPORTED,A_STRONG,32,26,日
0x13A,EC 3A,民,U+6C11,CONTEXT_SUPPORTED,A_STRONG,16,13,民
0x13C,EC 3C,男,U+7537,CONTEXT_SUPPORTED,A_STRONG,9,8,男
0x140,EC 40,场,U+573A,CONTEXT_SUPPORTED,A_STRONG,11,9,場
0x145,EC 45,之,U+4E4B,CONTEXT_SUPPORTED,A_STRONG,10,8,之
0x14B,EC 4B,超,U+8D85,CONTEXT_SUPPORTED,A_STRONG,21,18,超
0x14C,EC 4C,电,U+7535,CONTEXT_SUPPORTED,A_STRONG,22,18,電
0x14D,EC 4D,磁,U+78C1,CONTEXT_SUPPORTED,A_STRONG,8,7,磁
0x151,EC 51,动,U+52A8,CONTEXT_SUPPORTED,A_STRONG,48,43,動
0x152,EC 52,战,U+6218,CONTEXT_SUPPORTED,A_STRONG,71,63,戦
0x153,EC 53,斗,U+6597,CONTEXT_SUPPORTED,A_STRONG,33,29,闘
0x154,EC 54,攻,U+653B,CONTEXT_SUPPORTED,A_STRONG,17,15,攻
0x155,EC 55,击,U+51FB,CONTEXT_SUPPORTED,A_STRONG,42,37,撃
0x156,EC 56,器,U+5668,CONTEXT_SUPPORTED,A_STRONG,17,15,器
0x157,EC 57,命,U+547D,CONTEXT_SUPPORTED,A_STRONG,17,13,命
0x158,EC 58,中,U+4E2D,CONTEXT_SUPPORTED,A_STRONG,37,31,中
0x15E,EC 5E,最,U+6700,CONTEXT_SUPPORTED,A_STRONG,12,11,最
0x161,EC 61,量,U+91CF,CONTEXT_SUPPORTED,A_STRONG,18,14,量
0x162,EC 62,装,U+88C5,CONTEXT_SUPPORTED,A_STRONG,20,18,装
0x165,EC 65,反,U+53CD,CONTEXT_SUPPORTED,A_STRONG,15,12,反
0x166,EC 66,应,U+5E94,CONTEXT_SUPPORTED,A_STRONG,15,12,応
0x167,EC 67,速,U+901F,CONTEXT_SUPPORTED,A_STRONG,16,14,速
0x16D,EC 6D,管,U+7BA1,CONTEXT_SUPPORTED,A_STRONG,10,8,管
0x16E,EC 6E,用,U+7528,CONTEXT_SUPPORTED,A_STRONG,16,14,用
0x16F,EC 6F,地,U+5730,CONTEXT_SUPPORTED,A_STRONG,141,120,地
0x170,EC 70,上,U+4E0A,CONTEXT_SUPPORTED,A_STRONG,99,88,上
0x171,EC 71,回,U+56DE,CONTEXT_SUPPORTED,A_STRONG,22,17,回
0x173,EC 73,白,U+767D,CONTEXT_SUPPORTED,A_STRONG,17,14,白
0x175,EC 75,气,U+6C14,CONTEXT_SUPPORTED,A_STRONG,11,10,気
0x176,EC 76,直,U+76F4,CONTEXT_SUPPORTED,A_STRONG,13,11,直
0x177,EC 77,感,U+611F,CONTEXT_SUPPORTED,A_STRONG,17,15,感
0x17E,EC 7E,次,U+6B21,CONTEXT_SUPPORTED,A_STRONG,27,24,次
0x17F,EC 7F,正,U+6B63,CONTEXT_SUPPORTED,A_STRONG,35,28,正
0x182,EC 82,国,U+56FD,CONTEXT_SUPPORTED,A_STRONG,24,20,国
0x183,EC 83,光,U+5149,CONTEXT_SUPPORTED,A_STRONG,74,63,光
0x184,EC 84,子,U+5B50,CONTEXT_SUPPORTED,A_STRONG,87,75,子
0x18B,EC 8B,飞,U+98DE,CONTEXT_SUPPORTED,A_STRONG,82,71,飛
0x18C,EC 8C,行,U+884C,CONTEXT_SUPPORTED,A_STRONG,62,52,行
0x18D,EC 8D,试,U+8BD5,CONTEXT_SUPPORTED,A_STRONG,57,52,試
0x191,EC 91,要,U+8981,CONTEXT_SUPPORTED,A_STRONG,111,94,要
0x192,EC 92,塞,U+585E,CONTEXT_SUPPORTED,A_STRONG,25,20,塞
0x193,EC 93,敌,U+654C,CONTEXT_SUPPORTED,A_STRONG,32,27,敵
0x199,EC 99,所,U+6240,CONTEXT_SUPPORTED,A_STRONG,52,43,所
0x19A,EC 9A,长,U+957F,CONTEXT_SUPPORTED,A_STRONG,17,15,長
0x1A3,EC A3,弹,U+5F39,CONTEXT_SUPPORTED,A_STRONG,71,62,弾
0x1A4,EC A4,将,U+5C06,CONTEXT_SUPPORTED,A_STRONG,17,14,将
0x1A5,EC A5,军,U+519B,CONTEXT_SUPPORTED,A_STRONG,42,35,軍
0x1A6,EC A6,事,U+4E8B,CONTEXT_SUPPORTED,A_STRONG,91,79,事
0x1A7,EC A7,尉,U+5C09,CONTEXT_SUPPORTED,A_STRONG,17,15,尉
0x1A8,EC A8,方,U+65B9,CONTEXT_SUPPORTED,A_STRONG,68,57,方
0x1AC,EC AC,布,U+5E03,CONTEXT_SUPPORTED,A_STRONG,32,27,布
0x1AD,EC AD,扩,U+6269,CONTEXT_SUPPORTED,A_STRONG,10,9,拡
0x1AE,EC AE,炮,U+70AE,CONTEXT_SUPPORTED,A_STRONG,186,160,砲
0x1B5,EC B5,对,U+5BF9,CONTEXT_SUPPORTED,A_STRONG,64,56,対
0x1B7,EC B7,重,U+91CD,CONTEXT_SUPPORTED,A_STRONG,23,20,重
0x1B8,EC B8,高,U+9AD8,CONTEXT_SUPPORTED,A_STRONG,23,19,高
0x1B9,EC B9,压,U+538B,CONTEXT_SUPPORTED,A_STRONG,5,4,圧
0x1BD,EC BD,分,U+5206,CONTEXT_SUPPORTED,A_STRONG,41,35,分
0x1BE,EC BE,基,U+57FA,CONTEXT_SUPPORTED,A_STRONG,13,11,基
0x1BF,EC BF,死,U+6B7B,CONTEXT_SUPPORTED,A_STRONG,24,21,死
0x1C2,EC C2,发,U+53D1,CONTEXT_SUPPORTED,A_STRONG,19,18,発
0x1C3,EC C3,简,U+7B80,CONTEXT_SUPPORTED,A_STRONG,8,7,簡
0x1C5,EC C5,拜,U+62DC,CONTEXT_SUPPORTED,A_STRONG,9,7,拝
0x1C7,EC C7,样,U+6837,CONTEXT_SUPPORTED,A_STRONG,70,58,様
0x1CD,EC CD,激,U+6FC0,CONTEXT_SUPPORTED,A_STRONG,31,25,激
0x1CF,EC CF,谋,U+8C0B,CONTEXT_SUPPORTED,A_STRONG,8,6,謀
0x1D6,EC D6,邦,U+90A6,CONTEXT_SUPPORTED,A_STRONG,9,8,邦
0x1D7,EC D7,百,U+767E,CONTEXT_SUPPORTED,A_STRONG,2,2,百
0x1D8,EC D8,式,U+5F0F,CONTEXT_SUPPORTED,A_STRONG,17,15,式
0x1D9,EC D9,号,U+53F7,CONTEXT_SUPPORTED,A_STRONG,19,15,号
0x1DA,EC DA,名,U+540D,CONTEXT_SUPPORTED,A_STRONG,19,16,名
0x1DC,EC DC,火,U+706B,CONTEXT_SUPPORTED,A_STRONG,44,38,火
0x1DF,EC DF,理,U+7406,CONTEXT_SUPPORTED,A_STRONG,25,22,理
0x1E3,EC E3,争,U+4E89,CONTEXT_SUPPORTED,A_STRONG,8,7,争
0x1E5,EC E5,了,U+4E86,CONTEXT_SUPPORTED,A_STRONG,268,222,了
0x1E6,EC E6,部,U+90E8,CONTEXT_SUPPORTED,A_STRONG,34,29,部
0x1E7,EC E7,队,U+961F,CONTEXT_SUPPORTED,A_STRONG,15,13,隊
0x1E8,EC E8,表,U+8868,CONTEXT_SUPPORTED,A_STRONG,12,10,表
0x1E9,EC E9,全,U+5168,CONTEXT_SUPPORTED,A_STRONG,55,47,全
0x1EA,EC EA,利,U+5229,CONTEXT_SUPPORTED,A_STRONG,19,16,利
0x1EC,EC EC,数,U+6570,CONTEXT_SUPPORTED,A_STRONG,12,10,数
0x1ED,EC ED,败,U+8D25,CONTEXT_SUPPORTED,A_STRONG,12,11,敗
0x1EE,EC EE,灭,U+706D,CONTEXT_SUPPORTED,A_STRONG,58,48,滅
0x1F2,EC F2,个,U+4E2A,CONTEXT_SUPPORTED,A_STRONG,60,51,個
0x1F3,EC F3,金,U+91D1,CONTEXT_SUPPORTED,A_STRONG,10,8,金
0x1F6,EC F6,总,U+603B,CONTEXT_SUPPORTED,A_STRONG,20,17,総
0x1F7,EC F7,合,U+5408,CONTEXT_SUPPORTED,A_STRONG,28,24,合
0x1F8,EC F8,前,U+524D,CONTEXT_SUPPORTED,A_STRONG,36,31,前
0x1F9,EC F9,果,U+679C,CONTEXT_SUPPORTED,A_STRONG,20,17,果
0x1FB,EC FB,属,U+5C5E,CONTEXT_SUPPORTED,B_SUPPORTED,1,1,属
0x1FD,EC FD,威,U+5A01,CONTEXT_SUPPORTED,A_STRONG,10,8,威
0x1FE,EC FE,根,U+6839,CONTEXT_SUPPORTED,A_STRONG,11,9,根
0x200,ED 00,爱,U+7231,CONTEXT_SUPPORTED,A_STRONG,20,17,愛
0x201,ED 01,性,U+6027,CONTEXT_SUPPORTED,A_STRONG,17,15,性
0x202,ED 02,情,U+60C5,CONTEXT_SUPPORTED,A_STRONG,41,36,情
0x204,ED 04,使,U+4F7F,CONTEXT_SUPPORTED,A_STRONG,19,15,使
0x205,ED 05,决,U+51B3,CONTEXT_SUPPORTED,A_STRONG,20,18,決
0x207,ED 07,别,U+522B,CONTEXT_SUPPORTED,A_STRONG,17,15,別
0x208,ED 08,手,U+624B,CONTEXT_SUPPORTED,A_STRONG,53,44,手
0x20D,ED 0D,以,U+4EE5,CONTEXT_SUPPORTED,A_STRONG,46,43,以
0x20E,ED 0E,下,U+4E0B,CONTEXT_SUPPORTED,A_STRONG,59,51,下
0x20F,ED 0F,可,U+53EF,CONTEXT_SUPPORTED,A_STRONG,107,92,可
0x217,ED 17,道,U+9053,CONTEXT_SUPPORTED,A_STRONG,55,47,道
0x21A,ED 1A,面,U+9762,CONTEXT_SUPPORTED,A_STRONG,13,11,面
0x222,ED 22,出,U+51FA,CONTEXT_SUPPORTED,A_STRONG,56,47,出
0x229,ED 29,调,U+8C03,CONTEXT_SUPPORTED,A_STRONG,10,9,調
0x22A,ED 2A,查,U+67E5,CONTEXT_SUPPORTED,A_STRONG,11,10,査
0x22D,ED 2D,失,U+5931,CONTEXT_SUPPORTED,A_STRONG,27,22,失
0x22E,ED 2E,势,U+52BF,CONTEXT_SUPPORTED,A_STRONG,17,14,勢
0x230,ED 30,目,U+76EE,CONTEXT_SUPPORTED,A_STRONG,31,27,目
0x236,ED 36,始,U+59CB,CONTEXT_SUPPORTED,A_STRONG,12,11,始
0x238,ED 38,思,U+601D,CONTEXT_SUPPORTED,A_STRONG,11,9,思
0x23B,ED 3B,意,U+610F,CONTEXT_SUPPORTED,A_STRONG,51,43,意
0x23F,ED 3F,争,U+4E89,CONTEXT_SUPPORTED,A_STRONG,12,10,争
0x242,ED 42,干,U+5E72,CONTEXT_SUPPORTED,A_STRONG,23,20,干
0x24A,ED 4A,话,U+8BDD,CONTEXT_SUPPORTED,A_STRONG,54,46,話
0x24B,ED 4B,后,U+540E,CONTEXT_SUPPORTED,A_STRONG,51,43,後
0x24C,ED 4C,达,U+8FBE,CONTEXT_SUPPORTED,A_STRONG,50,42,達
0x24D,ED 4D,先,U+5148,CONTEXT_SUPPORTED,A_STRONG,25,21,先
0x250,ED 50,相,U+76F8,CONTEXT_SUPPORTED,A_STRONG,21,18,相
0x251,ED 51,不,U+4E0D,CONTEXT_SUPPORTED,A_STRONG,244,206,不
0x257,ED 57,现,U+73B0,CONTEXT_SUPPORTED,A_STRONG,30,25,現
0x258,ED 58,助,U+52A9,CONTEXT_SUPPORTED,A_STRONG,20,17,助
0x259,ED 59,来,U+6765,CONTEXT_SUPPORTED,A_STRONG,80,69,来
0x25A,ED 5A,心,U+5FC3,CONTEXT_SUPPORTED,A_STRONG,53,43,心
0x25B,ED 5B,君,U+541B,CONTEXT_SUPPORTED,A_STRONG,25,22,君
0x25E,ED 5E,守,U+5B88,CONTEXT_SUPPORTED,A_STRONG,18,15,守
0x260,ED 60,间,U+95F4,CONTEXT_SUPPORTED,A_STRONG,30,25,間
0x264,ED 64,考,U+8003,CONTEXT_SUPPORTED,A_STRONG,17,15,考
0x265,ED 65,义,U+4E49,CONTEXT_SUPPORTED,A_STRONG,22,18,義
0x267,ED 67,特,U+7279,CONTEXT_SUPPORTED,A_STRONG,22,18,特
0x268,ED 68,止,U+6B62,CONTEXT_SUPPORTED,A_STRONG,31,27,止
0x26B,ED 6B,在,U+5728,CONTEXT_SUPPORTED,A_STRONG,99,86,在
0x26C,ED 6C,我,U+6211,CONTEXT_SUPPORTED,A_STRONG,329,272,我
0x26D,ED 6D,短,U+77ED,CONTEXT_SUPPORTED,A_STRONG,4,4,短
0x270,ED 70,背,U+80CC,CONTEXT_SUPPORTED,A_STRONG,8,6,背
0x272,ED 72,有,U+6709,CONTEXT_SUPPORTED,A_STRONG,105,88,有
0x273,ED 73,问,U+95EE,CONTEXT_SUPPORTED,A_STRONG,18,16,問
0x274,ED 74,题,U+9898,CONTEXT_SUPPORTED,A_STRONG,11,10,題
0x276,ED 76,见,U+89C1,CONTEXT_SUPPORTED,A_STRONG,14,12,見
0x277,ED 77,闻,U+95FB,CONTEXT_SUPPORTED,A_STRONG,2,2,聞
0x278,ED 78,难,U+96BE,CONTEXT_SUPPORTED,A_STRONG,19,16,難
0x27C,ED 7C,虑,U+8651,CONTEXT_SUPPORTED,A_STRONG,9,7,慮
0x27D,ED 7D,急,U+6025,CONTEXT_SUPPORTED,A_STRONG,17,14,急
0x27E,ED 7E,本,U+672C,CONTEXT_SUPPORTED,A_STRONG,21,17,本
0x280,ED 80,好,U+597D,CONTEXT_SUPPORTED,A_STRONG,91,77,好
0x281,ED 81,放,U+653E,CONTEXT_SUPPORTED,A_STRONG,15,13,放
0x287,ED 87,都,U+90FD,CONTEXT_SUPPORTED,A_STRONG,28,24,都
0x289,ED 89,内,U+5185,CONTEXT_SUPPORTED,A_STRONG,24,20,内
0x28F,ED 8F,多,U+591A,CONTEXT_SUPPORTED,A_STRONG,87,73,多
0x292,ED 92,他,U+4ED6,CONTEXT_SUPPORTED,A_STRONG,28,23,他
0x293,ED 93,等,U+7B49,CONTEXT_SUPPORTED,A_STRONG,18,15,等
0x295,ED 95,撤,U+64A4,CONTEXT_SUPPORTED,A_STRONG,28,24,撤
0x296,ED 96,退,U+9000,CONTEXT_SUPPORTED,A_STRONG,37,31,退
0x298,ED 98,密,U+5BC6,CONTEXT_SUPPORTED,A_STRONG,3,3,密
0x299,ED 99,想,U+60F3,CONTEXT_SUPPORTED,A_STRONG,76,65,想
0x29A,ED 9A,信,U+4FE1,CONTEXT_SUPPORTED,A_STRONG,14,11,信
0x29B,ED 9B,诸,U+8BF8,CONTEXT_SUPPORTED,A_STRONG,8,7,諸
0x29C,ED 9C,恶,U+6076,CONTEXT_SUPPORTED,A_STRONG,13,11,悪
0x29E,ED 9E,据,U+636E,CONTEXT_SUPPORTED,A_STRONG,9,7,拠
0x29F,ED 9F,点,U+70B9,CONTEXT_SUPPORTED,A_STRONG,9,8,点
0x2A1,ED A1,混,U+6DF7,CONTEXT_SUPPORTED,A_STRONG,7,6,混
0x2A2,ED A2,成,U+6210,CONTEXT_SUPPORTED,A_STRONG,31,25,成
0x2A3,ED A3,指,U+6307,CONTEXT_SUPPORTED,A_STRONG,15,12,指
0x2A5,ED A5,挥,U+6325,CONTEXT_SUPPORTED,A_STRONG,11,10,揮
0x2A6,ED A6,运,U+8FD0,CONTEXT_SUPPORTED,A_STRONG,17,14,運
0x2A9,ED A9,入,U+5165,CONTEXT_SUPPORTED,A_STRONG,25,21,入
0x2AC,ED AC,脱,U+8131,CONTEXT_SUPPORTED,A_STRONG,44,38,脱
0x2B3,ED B3,进,U+8FDB,CONTEXT_SUPPORTED,A_STRONG,14,13,進
0x2B4,ED B4,取,U+53D6,CONTEXT_SUPPORTED,A_STRONG,8,7,取
0x2B5,ED B5,乱,U+4E71,CONTEXT_SUPPORTED,A_STRONG,12,10,乱
0x2B6,ED B6,推,U+63A8,CONTEXT_SUPPORTED,A_STRONG,11,10,推
0x2BA,ED BA,许,U+8BB8,CONTEXT_SUPPORTED,A_STRONG,9,8,許
0x2BF,ED BF,代,U+4EE3,CONTEXT_SUPPORTED,A_STRONG,23,20,代
0x2C1,ED C1,说,U+8BF4,CONTEXT_SUPPORTED,A_STRONG,107,91,説
0x2C2,ED C2,球,U+7403,CONTEXT_SUPPORTED,A_STRONG,51,43,球
0x2C7,ED C7,危,U+5371,CONTEXT_SUPPORTED,A_STRONG,15,13,危
0x2C8,ED C8,言,U+8A00,CONTEXT_SUPPORTED,A_STRONG,21,17,言
0x2CB,ED CB,和,U+548C,CONTEXT_SUPPORTED,A_STRONG,70,59,和
0x2CC,ED CC,球,U+7403,CONTEXT_SUPPORTED,A_STRONG,27,22,球
0x2CD,ED CD,愿,U+613F,CONTEXT_SUPPORTED,A_STRONG,14,12,願
0x2D0,ED D0,况,U+51B5,CONTEXT_SUPPORTED,A_STRONG,12,11,況
0x2D1,ED D1,打,U+6253,CONTEXT_SUPPORTED,A_STRONG,34,29,打
0x2D6,ED D6,然,U+7136,CONTEXT_SUPPORTED,A_STRONG,52,44,然
0x2D8,ED D8,家,U+5BB6,CONTEXT_SUPPORTED,A_STRONG,58,48,家
0x2D9,ED D9,独,U+72EC,CONTEXT_SUPPORTED,A_STRONG,13,11,独
0x2DB,ED DB,再,U+518D,CONTEXT_SUPPORTED,A_STRONG,17,15,再
0x2DD,ED DD,降,U+964D,CONTEXT_SUPPORTED,A_STRONG,15,14,降
0x2DF,ED DF,给,U+7ED9,CONTEXT_SUPPORTED,A_STRONG,22,19,給
0x2E0,ED E0,受,U+53D7,CONTEXT_SUPPORTED,A_STRONG,16,13,受
0x2E2,ED E2,识,U+8BC6,CONTEXT_SUPPORTED,A_STRONG,24,19,識
0x2E4,ED E4,投,U+6295,CONTEXT_SUPPORTED,A_STRONG,3,3,投
0x2E5,ED E5,着,U+7740,CONTEXT_SUPPORTED,A_STRONG,43,35,着
0x2E7,ED E7,由,U+7531,CONTEXT_SUPPORTED,A_STRONG,18,16,由
0x2EB,ED EB,保,U+4FDD,CONTEXT_SUPPORTED,A_STRONG,24,19,保
0x2EC,ED EC,护,U+62A4,CONTEXT_SUPPORTED,A_STRONG,13,12,護
0x2F2,ED F2,者,U+8005,CONTEXT_SUPPORTED,A_STRONG,19,16,者
0x2F4,ED F4,报,U+62A5,CONTEXT_SUPPORTED,A_STRONG,16,14,報
0x2F5,ED F5,集,U+96C6,CONTEXT_SUPPORTED,A_STRONG,24,20,集
0x2F8,ED F8,法,U+6CD5,CONTEXT_SUPPORTED,A_STRONG,42,35,法
0x2FB,ED FB,追,U+8FFD,CONTEXT_SUPPORTED,A_STRONG,10,9,追
0x300,EE 00,还,U+8FD8,CONTEXT_SUPPORTED,A_STRONG,52,42,還
0x302,EE 02,开,U+5F00,CONTEXT_SUPPORTED,A_STRONG,31,26,開
0x303,EE 03,位,U+4F4D,CONTEXT_SUPPORTED,A_STRONG,26,22,位
0x305,EE 05,东,U+4E1C,CONTEXT_SUPPORTED,A_STRONG,11,9,東
0x308,EE 08,得,U+5F97,CONTEXT_SUPPORTED,A_STRONG,30,25,得
0x30A,EE 0A,判,U+5224,CONTEXT_SUPPORTED,A_STRONG,57,49,判
0x30B,EE 0B,倒,U+5012,CONTEXT_SUPPORTED,A_STRONG,13,11,倒
0x310,EE 10,新,U+65B0,CONTEXT_SUPPORTED,A_STRONG,28,24,新
0x313,EE 13,答,U+7B54,CONTEXT_SUPPORTED,A_STRONG,5,4,答
0x314,EE 14,轻,U+8F7B,CONTEXT_SUPPORTED,A_STRONG,12,10,軽
0x315,EE 15,返,U+8FD4,CONTEXT_SUPPORTED,A_STRONG,22,19,返
0x31B,EE 1B,送,U+9001,CONTEXT_SUPPORTED,A_STRONG,13,11,送
0x320,EE 20,任,U+4EFB,CONTEXT_SUPPORTED,A_STRONG,20,16,任
0x325,EE 25,持,U+6301,CONTEXT_SUPPORTED,A_STRONG,22,18,持
0x32A,EE 2A,级,U+7EA7,CONTEXT_SUPPORTED,A_STRONG,27,22,級
0x32B,EE 2B,炼,U+70BC,CONTEXT_SUPPORTED,A_STRONG,7,6,錬
0x331,EE 31,休,U+4F11,CONTEXT_SUPPORTED,A_STRONG,10,9,休
0x332,EE 32,息,U+606F,CONTEXT_SUPPORTED,A_STRONG,10,9,息
0x333,EE 33,谁,U+8C01,CONTEXT_SUPPORTED,A_STRONG,30,26,誰
0x336,EE 36,难,U+96BE,CONTEXT_SUPPORTED,A_STRONG,13,11,自
0x337,EE 37,险,U+9669,CONTEXT_SUPPORTED,A_STRONG,15,12,険
0x338,EE 38,苦,U+82E6,CONTEXT_SUPPORTED,A_STRONG,2,2,苦
0x340,EE 40,久,U+4E45,CONTEXT_SUPPORTED,A_STRONG,8,7,久
0x341,EE 41,被,U+88AB,CONTEXT_SUPPORTED,A_STRONG,24,19,被
0x342,EE 42,害,U+5BB3,CONTEXT_SUPPORTED,A_STRONG,15,13,害
0x345,EE 45,弱,U+5F31,CONTEXT_SUPPORTED,A_STRONG,6,5,弱
0x349,EE 49,秘,U+79D8,CONTEXT_SUPPORTED,A_STRONG,2,2,秘
0x34B,EE 4B,加,U+52A0,CONTEXT_SUPPORTED,A_STRONG,29,24,加
0x34D,EE 4D,关,U+5173,CONTEXT_SUPPORTED,A_STRONG,52,43,関
0x350,EE 50,头,U+5934,CONTEXT_SUPPORTED,A_STRONG,16,14,頭
0x359,EE 59,复,U+590D,CONTEXT_SUPPORTED,A_STRONG,12,10,復
0x361,EE 61,学,U+5B66,CONTEXT_SUPPORTED,A_STRONG,16,14,学
0x362,EE 62,障,U+969C,CONTEXT_SUPPORTED,A_STRONG,3,3,障
0x365,EE 65,设,U+8BBE,CONTEXT_SUPPORTED,A_STRONG,13,11,設
0x367,EE 67,会,U+4F1A,CONTEXT_SUPPORTED,A_STRONG,96,80,会
0x368,EE 68,计,U+8BA1,CONTEXT_SUPPORTED,A_STRONG,19,16,計
0x369,EE 69,官,U+5B98,CONTEXT_SUPPORTED,A_STRONG,10,8,官
0x36C,EE 6C,亲,U+4EB2,CONTEXT_SUPPORTED,A_STRONG,17,15,親
0x37B,EE 7B,卫,U+536B,CONTEXT_SUPPORTED,A_STRONG,12,10,衛
0x382,EE 82,参,U+53C2,CONTEXT_SUPPORTED,A_STRONG,12,10,参
0x389,EE 89,到,U+5230,CONTEXT_SUPPORTED,A_STRONG,88,72,到
0x38D,EE 8D,常,U+5E38,CONTEXT_SUPPORTED,A_STRONG,15,13,常
0x393,EE 93,科,U+79D1,CONTEXT_SUPPORTED,A_STRONG,13,11,科
0x395,EE 95,支,U+652F,CONTEXT_SUPPORTED,A_STRONG,13,11,支
0x396,EE 96,记,U+8BB0,CONTEXT_SUPPORTED,A_STRONG,22,18,記
0x39F,EE 9F,种,U+79CD,CONTEXT_SUPPORTED,A_STRONG,11,9,種
0x3A2,EE A2,格,U+683C,CONTEXT_SUPPORTED,A_STRONG,19,16,格
0x3A5,EE A5,妙,U+5999,CONTEXT_SUPPORTED,A_STRONG,7,5,妙
0x3A7,EE A7,组,U+7EC4,CONTEXT_SUPPORTED,A_STRONG,12,10,組
0x3A8,EE A8,织,U+7EC7,CONTEXT_SUPPORTED,A_STRONG,10,9,織
0x3A9,EE A9,绍,U+7ECD,CONTEXT_SUPPORTED,A_STRONG,9,8,紹
0x3B5,EE B5,道,U+9053,CONTEXT_SUPPORTED,A_STRONG,24,20,己
0x3B7,EE B7,因,U+56E0,CONTEXT_SUPPORTED,A_STRONG,22,18,因
0x3BB,EE BB,告,U+544A,CONTEXT_SUPPORTED,A_STRONG,15,12,告
0x3BD,EE BD,非,U+975E,CONTEXT_SUPPORTED,A_STRONG,15,12,非
0x3BF,EE BF,觉,U+89C9,CONTEXT_SUPPORTED,A_STRONG,18,15,覚
0x3C1,EE C1,想,U+60F3,CONTEXT_SUPPORTED,A_STRONG,72,60,想
0x3C4,EE C4,里,U+91CC,CONTEXT_SUPPORTED,A_STRONG,21,17,里
0x3C7,EE C7,恋,U+604B,CONTEXT_SUPPORTED,A_STRONG,10,9,恋
0x3C9,EE C9,阵,U+9635,CONTEXT_SUPPORTED,A_STRONG,4,3,陣
0x3CB,EE CB,语,U+8BED,CONTEXT_SUPPORTED,A_STRONG,2,2,語
0x3CE,EE CE,证,U+8BC1,CONTEXT_SUPPORTED,A_STRONG,12,10,証
0x3D2,EE D2,星,U+661F,CONTEXT_SUPPORTED,A_STRONG,34,29,星
0x3D3,EE D3,实,U+5B9E,CONTEXT_SUPPORTED,A_STRONG,28,23,実
0x3DC,EE DC,术,U+672F,CONTEXT_SUPPORTED,A_STRONG,9,8,術
0x3E8,EE E8,系,U+7CFB,CONTEXT_SUPPORTED,A_STRONG,12,10,係
0x3ED,EE ED,服,U+670D,CONTEXT_SUPPORTED,A_STRONG,10,8,服
0x3EE,EE EE,阶,U+9636,CONTEXT_SUPPORTED,A_STRONG,5,3,階
0x3F2,EE F2,局,U+5C40,CONTEXT_SUPPORTED,A_STRONG,12,10,局
0x3F8,EE F8,策,U+7B56,CONTEXT_SUPPORTED,A_STRONG,2,1,策
0x3FC,EE FC,类,U+7C7B,CONTEXT_SUPPORTED,A_STRONG,12,10,類
0x3FE,EE FE,政,U+653F,CONTEXT_SUPPORTED,A_STRONG,12,10,政
0x411,EF 11,王,U+738B,CONTEXT_SUPPORTED,A_STRONG,20,17,王
0x422,EF 22,悬,U+60AC,CONTEXT_SUPPORTED,A_STRONG,8,7,懸
0x423,EF 23,资,U+8D44,CONTEXT_SUPPORTED,A_STRONG,5,5,傭
0x428,EF 28,婚,U+5A5A,CONTEXT_SUPPORTED,A_STRONG,7,6,婚
0x433,EF 33,案,U+6848,CONTEXT_SUPPORTED,A_STRONG,6,5,案
0x43C,EF 3C,困,U+56F0,CONTEXT_SUPPORTED,A_STRONG,2,2,困
0x440,EF 40,减,U+51CF,CONTEXT_SUPPORTED,A_STRONG,6,5,減
0x45C,EF 5C,脚,U+811A,CONTEXT_SUPPORTED,A_STRONG,7,6,脚
0x45E,EF 5E,伤,U+4F24,CONTEXT_SUPPORTED,A_STRONG,13,11,傷
0x469,EF 69,处,U+5904,CONTEXT_SUPPORTED,A_STRONG,16,13,処
0x474,EF 74,挑,U+6311,CONTEXT_SUPPORTED,A_STRONG,7,6,挑
0x47E,EF 7E,志,U+5FD7,CONTEXT_SUPPORTED,A_STRONG,12,10,志
0x48A,EF 8A,尽,U+5C3D,CONTEXT_SUPPORTED,A_STRONG,11,10,尽
0x48C,EF 8C,料,U+6599,CONTEXT_SUPPORTED,A_STRONG,8,7,料
0x48D,EF 8D,字,U+5B57,CONTEXT_SUPPORTED,A_STRONG,14,11,字
0x490,EF 90,喜,U+559C,CONTEXT_SUPPORTED,A_STRONG,11,9,喜
0x49A,EF 9A,殊,U+6B8A,CONTEXT_SUPPORTED,A_STRONG,4,3,殊
0x49C,EF 9C,论,U+8BBA,CONTEXT_SUPPORTED,A_STRONG,11,9,論
0x49F,EF 9F,从,U+4ECE,CONTEXT_SUPPORTED,A_STRONG,16,14,従
0x4AC,EF AC,才,U+624D,CONTEXT_SUPPORTED,A_STRONG,13,11,才
0x4C8,EF C8,赞,U+8D5E,CONTEXT_SUPPORTED,A_STRONG,8,7,賛
0x4D6,EF D6,抗,U+6297,CONTEXT_SUPPORTED,A_STRONG,2,2,抗
0x4D8,EF D8,腹,U+8179,CONTEXT_SUPPORTED,A_STRONG,6,3,腹
0x4DB,EF DB,宣,U+5BA3,CONTEXT_SUPPORTED,A_STRONG,9,8,宣
0x4E0,EF E0,烈,U+70C8,CONTEXT_SUPPORTED,A_STRONG,13,11,烈
0x4E3,EF E3,抵,U+62B5,CONTEXT_SUPPORTED,A_STRONG,10,8,抵
0x4E5,EF E5,请,U+8BF7,CONTEXT_SUPPORTED,A_STRONG,40,34,請
0x4E6,EF E6,示,U+793A,CONTEXT_SUPPORTED,A_STRONG,8,7,示
0x4EC,EF EC,采,U+91C7,CONTEXT_SUPPORTED,A_STRONG,2,2,採
0x4F2,EF F2,令,U+4EE4,CONTEXT_SUPPORTED,A_STRONG,8,7,令
0x4FA,EF FA,慎,U+614E,CONTEXT_SUPPORTED,A_STRONG,6,4,慎
0x4FC,EF FC,亨,U+4EA8,CONTEXT_SUPPORTED,A_STRONG,17,14,漢
0x4FE,EF FE,区,U+533A,CONTEXT_SUPPORTED,A_STRONG,3,3,区
0x500,F0 00,盘,U+76D8,CONTEXT_SUPPORTED,A_STRONG,52,44,盤
0x521,F0 21,罗,U+7F57,CONTEXT_SUPPORTED,A_STRONG,48,41,羅
0x522,F0 22,亮,U+4EAE,CONTEXT_SUPPORTED,A_STRONG,12,10,亮
0x52F,F0 2F,雷,U+96F7,CONTEXT_SUPPORTED,A_STRONG,20,18,雷
0x53F,F0 3F,听,U+542C,CONTEXT_SUPPORTED,A_STRONG,15,13,聞
0x553,F0 53,校,U+6821,CONTEXT_SUPPORTED,A_STRONG,12,10,校
0x555,F0 55,就,U+5C31,CONTEXT_SUPPORTED,A_STRONG,74,64,就
0x563,F0 63,称,U+79F0,CONTEXT_SUPPORTED,A_STRONG,10,8,称
0x574,F0 74,准,U+51C6,CONTEXT_SUPPORTED,A_STRONG,14,12,准
0x576,F0 76,提,U+63D0,CONTEXT_SUPPORTED,A_STRONG,29,24,提
0x588,F0 88,陪,U+966A,CONTEXT_SUPPORTED,A_STRONG,5,4,替
0x5A6,F0 A6,预,U+9884,CONTEXT_SUPPORTED,A_STRONG,2,2,預
0x5A8,F0 A8,担,U+62C5,CONTEXT_SUPPORTED,A_STRONG,8,7,担
0x5CC,F0 CC,买,U+4E70,CONTEXT_SUPPORTED,A_STRONG,3,3,買
0x5D6,F0 D6,让,U+8BA9,CONTEXT_SUPPORTED,A_STRONG,11,9,譲
0x5DB,F0 DB,楚,U+695A,CONTEXT_SUPPORTED,A_STRONG,9,8,楚
0x5E4,F0 E4,算,U+7B97,CONTEXT_SUPPORTED,A_STRONG,27,24,算
0x5E6,F0 E6,燃,U+71C3,CONTEXT_SUPPORTED,A_STRONG,2,1,燃
0x5FA,F0 FA,皮,U+76AE,CONTEXT_SUPPORTED,A_STRONG,8,7,皮
0x60E,F1 0E,看,U+770B,CONTEXT_SUPPORTED,A_STRONG,15,13,見
0x615,F1 15,酷,U+9177,CONTEXT_SUPPORTED,A_STRONG,2,2,酷
0x618,F1 18,克,U+514B,CONTEXT_SUPPORTED,A_STRONG,17,14,庫
0x619,F1 19,寸,U+5BF8,CONTEXT_SUPPORTED,A_STRONG,3,3,寸
0x627,F1 27,清,U+6E05,CONTEXT_SUPPORTED,A_STRONG,10,8,清
0x62B,F1 2B,米,U+7C73,CONTEXT_SUPPORTED,A_STRONG,11,9,米
0x632,F1 32,几,U+51E0,CONTEXT_SUPPORTED,A_STRONG,20,17,幾
0x637,F1 37,漂,U+6F02,CONTEXT_SUPPORTED,A_STRONG,11,9,漂
0x63D,F1 3D,错,U+9519,CONTEXT_SUPPORTED,A_STRONG,13,11,錯
0x651,F1 51,随,U+968F,CONTEXT_SUPPORTED,A_STRONG,4,4,某
0x65E,F1 5E,微,U+5FAE,CONTEXT_SUPPORTED,A_STRONG,3,3,微
0x663,F1 63,如,U+5982,CONTEXT_SUPPORTED,A_STRONG,17,14,如
0x666,F1 66,为,U+4E3A,CONTEXT_SUPPORTED,A_STRONG,90,76,為
0x66B,F1 6B,把,U+628A,CONTEXT_SUPPORTED,A_STRONG,18,15,把
0x683,F1 83,剂,U+5242,CONTEXT_SUPPORTED,A_STRONG,9,8,剤
0x6AB,F1 AB,诉,U+8BC9,CONTEXT_SUPPORTED,A_STRONG,14,12,訴
0x6C4,F1 C4,罚,U+7F5A,CONTEXT_SUPPORTED,A_STRONG,7,6,罰
0x6CB,F1 CB,旋,U+65CB,CONTEXT_SUPPORTED,A_STRONG,14,12,旋
0x6CD,F1 CD,列,U+5217,CONTEXT_SUPPORTED,A_STRONG,13,11,列
0x6CE,F1 CE,忙,U+5FD9,CONTEXT_SUPPORTED,A_STRONG,8,7,忙
0x6E3,F1 E3,伊,U+4F0A,CONTEXT_SUPPORTED,A_STRONG,19,15,伊
0x6F8,F1 F8,粘,U+7C98,CONTEXT_SUPPORTED,A_STRONG,2,2,粘
0x704,F2 04,辛,U+8F9B,CONTEXT_SUPPORTED,A_STRONG,9,7,辛
0x712,F2 12,丹,U+4E39,CONTEXT_SUPPORTED,A_STRONG,9,7,丹
0x715,F2 15,裘,U+88D8,CONTEXT_SUPPORTED,A_STRONG,7,6,裘
0x724,F2 24,侯,U+4FAF,CONTEXT_SUPPORTED,A_STRONG,9,8,侯
0x740,F2 40,卡,U+5361,CONTEXT_SUPPORTED,A_STRONG,35,30,卡
0x747,F2 47,叨,U+53E8,CONTEXT_SUPPORTED,A_STRONG,8,6,叨
0x76C,F2 6C,啊,U+554A,CONTEXT_SUPPORTED,A_STRONG,28,24,啊
0x774,F2 74,咯,U+54AF,CONTEXT_SUPPORTED,A_STRONG,8,7,咯
0x789,F2 89,夏,U+590F,CONTEXT_SUPPORTED,A_STRONG,11,9,夏
0x7A2,F2 A2,尼,U+5C3C,CONTEXT_SUPPORTED,A_STRONG,18,15,尼
0x7DF,F2 DF,搁,U+6401,CONTEXT_SUPPORTED,A_STRONG,5,4,搁
0x7E8,F2 E8,踢,U+8E22,CONTEXT_SUPPORTED,A_STRONG,16,13,踢
0x7F2,F2 F2,旁,U+65C1,CONTEXT_SUPPORTED,A_STRONG,2,2,旁
0x7F3,F2 F3,丹,U+4E39,CONTEXT_SUPPORTED,A_STRONG,7,6,丹
0x806,F3 06,梭,U+68AD,CONTEXT_SUPPORTED,A_STRONG,8,7,梭
0x825,F3 25,瀑,U+7011,CONTEXT_SUPPORTED,A_STRONG,7,5,瀑
0x831,F3 31,琉,U+7409,CONTEXT_SUPPORTED,A_STRONG,7,6,琉
0x836,F3 36,普,U+666E,CONTEXT_SUPPORTED,A_STRONG,6,5,普
0x841,F3 41,眼,U+773C,CONTEXT_SUPPORTED,A_STRONG,7,6,眼
0x857,F3 57,协,U+534F,CONTEXT_SUPPORTED,A_STRONG,8,6,協
0x859,F3 59,糊,U+7CCA,CONTEXT_SUPPORTED,A_STRONG,3,2,糊
0x86A,F3 6A,翰,U+7FF0,CONTEXT_SUPPORTED,A_STRONG,7,5,翰
0x86B,F3 6B,耍,U+800D,CONTEXT_SUPPORTED,B_SUPPORTED,1,1,
0x877,F3 77,脾,U+813E,CONTEXT_SUPPORTED,A_STRONG,2,2,脾
0x878,F3 78,腾,U+817E,CONTEXT_SUPPORTED,A_STRONG,5,4,騰
0x883,F3 83,芬,U+82AC,CONTEXT_SUPPORTED,A_STRONG,5,4,芬
0x885,F3 85,荚,U+835A,CONTEXT_SUPPORTED,A_STRONG,5,4,莢
0x888,F3 88,莎,U+838E,CONTEXT_SUPPORTED,A_STRONG,4,3,莎
0x892,F3 92,蕊,U+854A,CONTEXT_SUPPORTED,A_STRONG,5,4,蕊
0x898,F3 98,螺,U+87BA,CONTEXT_SUPPORTED,A_STRONG,9,7,螺
0x8B1,F3 B1,赫,U+8D6B,CONTEXT_SUPPORTED,A_STRONG,4,3,赫
0x8C2,F3 C2,递,U+9012,CONTEXT_SUPPORTED,A_STRONG,5,4,遏
0x8C9,F3 C9,邱,U+90B1,CONTEXT_SUPPORTED,A_STRONG,6,5,邱
0x8D2,F3 D2,钻,U+94BB,CONTEXT_SUPPORTED,A_STRONG,7,6,鑽
0x8D5,F3 D5,锤,U+9524,CONTEXT_SUPPORTED,A_STRONG,7,6,錘
0x8D6,F3 D6,链,U+94FE,CONTEXT_SUPPORTED,A_STRONG,8,7,鏈
0x8D9,F3 D9,镖,U+9556,CONTEXT_SUPPORTED,A_STRONG,6,5,鏢
0x8DA,F3 DA,镰,U+9570,CONTEXT_SUPPORTED,A_STRONG,7,6,鎌
0x8E2,F3 E2,陵,U+9675,CONTEXT_SUPPORTED,A_STRONG,6,5,陵
0x8EF,F3 EF,魄,U+9B44,CONTEXT_SUPPORTED,A_STRONG,5,4,魄
0x90C,F4 0C,踪,U+8E2A,CONTEXT_SUPPORTED,A_STRONG,3,3,踪
0x91A,F4 1A,那,U+90A3,CONTEXT_SUPPORTED,A_STRONG,105,88,那
0x926,F4 26,逊,U+900A,CONTEXT_SUPPORTED,A_STRONG,8,6,遜
0x94A,F4 4A,只,U+53EA,CONTEXT_SUPPORTED,A_STRONG,13,11,只
0x996,F4 96,既,U+65E2,CONTEXT_SUPPORTED,A_STRONG,8,7,既
0x9BB,F4 BB,瓦,U+74E6,CONTEXT_SUPPORTED,A_STRONG,14,12,瓦
0x9CC,F4 CC,肯,U+80AF,CONTEXT_SUPPORTED,A_STRONG,8,7,肯
0x9D4,F4 D4,些,U+4E9B,CONTEXT_SUPPORTED,A_STRONG,23,20,些
0x9FF,F4 FF,顿,U+987F,CONTEXT_SUPPORTED,A_STRONG,8,7,頓
0xA17,F5 17,杰,U+6770,CONTEXT_SUPPORTED,A_STRONG,6,5,傑
0xA1E,F5 1E,而,U+800C,CONTEXT_SUPPORTED,A_STRONG,16,13,而
0xA53,F5 53,阿,U+963F,CONTEXT_SUPPORTED,A_STRONG,6,5,阿
0xA62,F5 62,殖,U+6B96,CONTEXT_SUPPORTED,A_STRONG,11,10,殖
0xA70,F5 70,亚,U+4E9A,CONTEXT_SUPPORTED,A_STRONG,6,5,亜
0xA88,F5 88,绊,U+7ECA,CONTEXT_SUPPORTED,A_STRONG,3,3,F588
0xAA8,F5 A8,尚,U+5C1A,CONTEXT_SUPPORTED,A_STRONG,3,2,尚
0xAC5,F5 C5,甚,U+751A,CONTEXT_SUPPORTED,A_STRONG,2,2,甚
0xAC9,F5 C9,该,U+8BE5,CONTEXT_SUPPORTED,A_STRONG,13,11,該
0xACC,F5 CC,惩,U+60E9,CONTEXT_SUPPORTED,B_SUPPORTED,1,1,懲
0xAD9,F5 D9,箭,U+7BAD,CONTEXT_SUPPORTED,A_STRONG,19,16,箇
0xAE5,F5 E5,猫,U+732B,CONTEXT_SUPPORTED,A_STRONG,9,7,猫
0xAE9,F5 E9,锻,U+953B,CONTEXT_SUPPORTED,B_SUPPORTED,1,1,鍛
0xAFF,F5 FF,甘,U+7518,CONTEXT_SUPPORTED,B_SUPPORTED,1,1,甘
0xAB8,F5 B8,是,U+662F,CONTEXT_SUPPORTED,A_STRONG,338,284,是
