page_id,page_kind,printed_page,normalized_title_ja,normalized_title_zh,resolution_status,ja_sources,zh_sources,conflict_recorded
FF_PART1:p0003,CONTENTS,,,目錄（前半）,RESOLVED_INFO_LAYER,JA_TUZ_INDEX,ZH_RITA_INDEX,no
FF_PART1:p0004,CONTENTS,,,目錄（後半）,RESOLVED_INFO_LAYER,JA_TUZ_INDEX,ZH_RITA_INDEX,no
FF_PART1:p0010,CHARACTER_PROFILE,9,,登場角色／原創主人公候補資料,RESOLVED_INFO_LAYER,JA_TUZ_INDEX,ZH_RITA_PILOT,no
FF_PART1:p0021,MAP_WEAPON_SYSTEM,20,MAP兵器・方向指定直線／全周タイプ,地圖兵器：方向指定直線類型／全周類型,RESOLVED_INFO_LAYER,JA_TUZ_INDEX,ZH_RITA_UNIT,no
FF_PART1:p0022,MAP_WEAPON_SYSTEM,21,MAP兵器・地点指定／特殊タイプ,地圖兵器：地點指定類型／特殊類型,RESOLVED_INFO_LAYER,JA_TUZ_INDEX,ZH_RITA_UNIT,no
FF_PART1:p0033,ALLY_PILOT_STAT_TABLE,32,,己方駕駛員資料,RESOLVED_INFO_LAYER,JA_TUZ_INDEX,ZH_RITA_PILOT,no
FF_PART1:p0034,ALLY_PILOT_STAT_TABLE,33,,己方駕駛員資料,RESOLVED_INFO_LAYER,JA_TUZ_INDEX,ZH_RITA_PILOT,no
FF_PART1:p0035,ALLY_PILOT_STAT_TABLE,34,,己方駕駛員資料,RESOLVED_INFO_LAYER,JA_TUZ_INDEX,ZH_RITA_PILOT,no
FF_PART1:p0036,ALLY_PILOT_STAT_TABLE,35,,己方駕駛員資料,RESOLVED_INFO_LAYER,JA_TUZ_INDEX,ZH_RITA_PILOT,no
FF_PART1:p0042,ENEMY_PILOT_STAT_TABLE,41,,敵方駕駛員資料,RESOLVED_INFO_LAYER,JA_TUZ_INDEX,ZH_RITA_PILOT,no
FF_PART1:p0043,ENEMY_PILOT_STAT_TABLE,42,,敵方駕駛員資料,RESOLVED_INFO_LAYER,JA_TUZ_INDEX,ZH_RITA_PILOT,no
FF_PART1:p0044,ENEMY_PILOT_STAT_TABLE,43,,敵方駕駛員資料,RESOLVED_INFO_LAYER,JA_TUZ_INDEX,ZH_RITA_PILOT,no
FF_PART1:p0045,ENEMY_PILOT_STAT_TABLE,44,,敵方駕駛員資料,RESOLVED_INFO_LAYER,JA_TUZ_INDEX,ZH_RITA_PILOT,no
FF_PART1:p0087,ENEMY_UNIT_STAT_TABLE,86,,敵機組資料,RESOLVED_INFO_LAYER,JA_TUZ_INDEX,ZH_RITA_ENEMY,no
FF_PART1:p0090,ENEMY_UNIT_STAT_TABLE,89,,敵機組資料,RESOLVED_INFO_LAYER,JA_TUZ_INDEX,ZH_RITA_ENEMY,no
FF_PART2A:p0004,SCENARIO_FLOW_INDEX,106,,劇情流程圖（完結篇）,RESOLVED_INFO_LAYER,JA_TUZ_INDEX,ZH_RITA_STORY,no
FF_PART2A:p0008,SCENARIO_GUIDE,110,SCENE01 うずまく悪意（前）,惡意漩渦（前）,RESOLVED_INFO_LAYER,JA_TUZ_INDEX;JA_SCENE_01,ZH_RITA_STORY;ZH_STORY_34B,no
FF_PART2A:p0010,SCENARIO_GUIDE,112,SCENE02 うずまく悪意（後）,惡意漩渦（後）,RESOLVED_INFO_LAYER,JA_TUZ_INDEX;JA_SCENE_02,ZH_RITA_STORY;ZH_STORY_35B,no
FF_PART2A:p0024,SCENARIO_GUIDE,126,SCENE09 アマンダラ・カマンダラ,阿曼達拉・卡曼達拉,RESOLVED_INFO_LAYER,JA_TUZ_INDEX;JA_TUZ_HIDEUNIT;JA_SCENE_09,ZH_RITA_STORY;ZH_BILI_HIDE;ZH_STORY_40,no
FF_PART2A:p0030,SCENARIO_GUIDE,132,SCENE12 訣別（後）,訣別（後）,RESOLVED_INFO_LAYER,JA_TUZ_INDEX;JA_SCENE_12,ZH_RITA_STORY;ZH_STORY_43,no
FF_PART2A:p0038,SCENARIO_GUIDE,140,SCENE16 日輪は我にあり,日輪在我手中,RESOLVED_INFO_LAYER,JA_TUZ_INDEX;JA_TUZ_HIDE;JA_SCENE_16,ZH_RITA_STORY;ZH_BILI_HIDE;ZH_STORY_46,no
FF_PART2A:p0040,SCENARIO_GUIDE,142,SCENE17 悪意のオーラ,惡意的歐拉,RESOLVED_INFO_LAYER,JA_TUZ_INDEX;JA_TUZ_HIDE;JA_SCENE_17,ZH_RITA_STORY;ZH_BILI_HIDE;ZH_STORY_47,no
FF_PART2A:p0041,SCENARIO_GUIDE,143,SCENE17 悪意のオーラ,惡意的歐拉,RESOLVED_INFO_LAYER,JA_TUZ_INDEX;JA_TUZ_HIDE;JA_SCENE_17,ZH_RITA_STORY;ZH_BILI_HIDE;ZH_STORY_47,no
FF_PART2A:p0056,SCENARIO_GUIDE,158,SCENE25 ボストンに陽は暮れて,波士頓日暮西沉,RESOLVED_INFO_LAYER,JA_TUZ_INDEX;JA_TUZ_HIDE;JA_SRW_WIKI_HIDE;JA_SCENE_25,ZH_RITA_STORY;ZH_BILI_HIDE;ZH_STORY_54A,no
FF_PART2A:p0060,SCENARIO_GUIDE,162,SCENE27 完成！超闘士,完成！超鬥士,RESOLVED_INFO_LAYER,JA_TUZ_INDEX;JA_SCENE_27,ZH_RITA_STORY;ZH_STORY_55A,no
FF_PART2A:p0062,SCENARIO_GUIDE,164,SCENE28 タイムリミット（前）,時間限制（前）,RESOLVED_INFO_LAYER,JA_TUZ_INDEX;JA_SCENE_28,ZH_RITA_STORY;ZH_STORY_56,no
FF_PART2A:p0084,SCENARIO_GUIDE,186,SCENE39 決戦、第２新東京市,決戰、第2新東京市,RESOLVED_INFO_LAYER,JA_TUZ_INDEX;JA_SCENE_39,ZH_RITA_STORY;ZH_STORY_62A,no
FF_PART2A:p0090,SCENARIO_GUIDE,192,SCENE41 悪魔と呼ばれたガンダム,被稱為惡魔的鋼彈,RESOLVED_INFO_LAYER,JA_TUZ_INDEX;JA_SCENE_41,ZH_RITA_STORY;ZH_STORY_64A,no
FF_PART2A:p0093,SCENARIO_GUIDE,195,SCENE42 光瞬く宇宙へ,前往閃耀的宇宙,RESOLVED_INFO_LAYER,JA_TUZ_INDEX;JA_SCENE_42,ZH_RITA_STORY;ZH_STORY_65A,no
FF_PART2A:p0100,SCENARIO_GUIDE,202,SCENE46 悲しみのカトル,悲傷的卡多魯,RESOLVED_INFO_LAYER,JA_TUZ_INDEX;JA_SCENE_46,ZH_RITA_STORY;ZH_STORY_67,no
FF_PART2A:p0104,SCENARIO_GUIDE,206,SCENE48 砂上の楼閣,砂上樓閣,RESOLVED_INFO_LAYER,JA_TUZ_INDEX;JA_TUZ_HIDE;JA_SCENE_48,ZH_RITA_STORY;ZH_STORY_69A,no
FF_PART2A:p0109,SCENARIO_GUIDE,211,SCENE50 崩壊の序曲,崩壞的序曲,RESOLVED_INFO_LAYER,JA_TUZ_INDEX;JA_TUZ_HIDE;JA_SCENE_50,ZH_RITA_STORY;ZH_STORY_71A,no
FF_PART2A:p0116,SCENARIO_GUIDE,218,SCENE53 偽りの協定,虛假的協定,RESOLVED_INFO_LAYER,JA_TUZ_INDEX;JA_SCENE_53,ZH_RITA_STORY;ZH_STORY_74A,no
FF_PART2A:p0118,SCENARIO_GUIDE,220,SCENE54 招かれざる訪問者,不速之客,RESOLVED_INFO_LAYER,JA_TUZ_INDEX;JA_SCENE_54,ZH_RITA_STORY;ZH_STORY_75A,no
FF_PART2A:p0162,JOIN_ACQUISITION_TABLE,264,,同伴加入／機體取得條件（鋼彈系）,RESOLVED_INFO_LAYER,JA_TUZ_HIDE;JA_TUZ_HIDEUNIT;JA_SRW_WIKI_HIDE,ZH_RITA_STORY;ZH_RITA_PILOT;ZH_BILI_HIDE,no
FF_PART2A:p0163,JOIN_ACQUISITION_TABLE,265,,同伴加入／機體取得條件（鋼彈系續）,RESOLVED_WITH_CONFLICT_RECORDED,JA_TUZ_HIDE;JA_SRW_WIKI_HIDE,ZH_RITA_STORY;ZH_BILI_HIDE,yes
FF_PART2A:p0164,JOIN_ACQUISITION_TABLE,266,,同伴加入／機體取得條件（Gundam W）,RESOLVED_INFO_LAYER,JA_TUZ_HIDE;JA_TUZ_HIDEUNIT;JA_SRW_WIKI_HIDE,ZH_RITA_STORY;ZH_BILI_HIDE,no
FF_PART2A:p0165,JOIN_ACQUISITION_TABLE,267,,同伴加入／機體取得條件（G Gundam 等）,RESOLVED_INFO_LAYER,JA_TUZ_HIDE;JA_SRW_WIKI_HIDE,ZH_RITA_STORY;ZH_BILI_HIDE,no
FF_PART2A:p0166,JOIN_ACQUISITION_TABLE,268,,同伴加入／機體取得條件（丹拜因／重戰機）,RESOLVED_INFO_LAYER,JA_TUZ_HIDE;JA_TUZ_HIDEUNIT;JA_SRW_WIKI_HIDE,ZH_RITA_STORY;ZH_BILI_HIDE,no
FF_PART2A:p0168,JOIN_ACQUISITION_TABLE,270,,同伴加入／機體取得條件（鋼巴斯達／其他）,RESOLVED_INFO_LAYER,JA_TUZ_HIDE;JA_TUZ_HIDEUNIT;JA_SRW_WIKI_HIDE,ZH_RITA_STORY;ZH_BILI_HIDE,no
FF_PART2A:p0169,JOIN_ACQUISITION_TABLE,271,,同伴加入／機體取得條件（原創系／追加武器）,RESOLVED_INFO_LAYER,JA_TUZ_HIDE;JA_TUZ_HIDEUNIT;JA_SRW_WIKI_HIDE,ZH_RITA_STORY;ZH_RITA_UNIT;ZH_BILI_HIDE,no
FF_PART2A:p0176,CHARACTER_ENCYCLOPEDIA,278,,人物辭典,RESOLVED_INFO_LAYER,JA_TUZ_INDEX,ZH_RITA_PILOT,no
FF_PART2A:p0177,CHARACTER_ENCYCLOPEDIA,279,,人物辭典,RESOLVED_INFO_LAYER,JA_TUZ_INDEX,ZH_RITA_PILOT,no
FF_PART2A:p0180,CHARACTER_ENCYCLOPEDIA,282,,人物辭典,RESOLVED_INFO_LAYER,JA_TUZ_INDEX;JA_TUZ_HIDE,ZH_RITA_PILOT,no
